ticker,name,prediction_date,horizon,horizon_days,days_elapsed,status,base_price,predicted_change_pct,actual_change_pct,error_pct,actual_price,direction_correct,analysis_comment
3659,ネクソン,2026-03-22,1日後,1,3,評価可能,2873.5,0.19,2.45,2.26,2944.0,True,○ 方向的中: 予測+0.2% → 実際+2.5%（誤差2.3%）
MSFT,Microsoft,2026-03-22,1日後,1,3,評価可能,381.85,0.0,-2.83,-2.83,371.04,False,✕ 外れ: 予測+0.0% → 実際-2.8%（誤差2.8%）
7267,ホンダ,2026-03-22,1日後,1,3,評価可能,1302.0,0.23,0.92,0.69,1314.0,True,◎ 精度良好: 予測+0.2% → 実際+0.9%（誤差0.7%）
SMCI,Super Micro Computer,2026-03-22,1日後,1,3,評価可能,20.53,-0.1,17.15,17.25,24.05,False,✕ 外れ: 下落予測-0.1%に対し+17.1%上昇。好材料やリバウンドの可能性
6526,ソシオネクスト,2026-03-22,1日後,1,3,評価可能,1733.0,0.23,7.67,7.44,1866.0,True,△ 上振れ: 予測+0.2%を超えて+7.7%（想定以上の上昇）
SOFI,SoFi Technologies,2026-03-22,1日後,1,3,評価可能,16.9,-0.22,-2.01,-1.79,16.56,True,◎ 精度良好: 予測-0.2% → 実際-2.0%（誤差1.8%）
6758,ソニーグループ,2026-03-22,1日後,1,3,評価可能,3271.0,0.03,-0.15,-0.18,3266.0,False,✕ 外れ: 上昇予測+0.0%に対し-0.2%下落。突発的な悪材料の可能性
AFRM,Affirm Holdings,2026-03-22,1日後,1,3,評価可能,43.81,0.07,2.83,2.76,45.05,True,○ 方向的中: 予測+0.1% → 実際+2.8%（誤差2.8%）
TTWO,Take-Two Interactive,2026-03-22,1日後,1,3,評価可能,200.63,0.01,-3.78,-3.79,193.05,False,✕ 外れ: 上昇予測+0.0%に対し-3.8%下落。突発的な悪材料の可能性
4568,第一三共,2026-03-22,1日後,1,3,評価可能,2903.0,-0.01,2.45,2.46,2974.0,False,✕ 外れ: 下落予測-0.0%に対し+2.4%上昇。好材料やリバウンドの可能性
V,Visa,2026-03-22,1日後,1,3,評価可能,301.62,-0.04,1.09,1.13,304.91,False,✕ 外れ: 下落予測-0.0%に対し+1.1%上昇。好材料やリバウンドの可能性
7269,スズキ,2026-03-22,1日後,1,3,評価可能,1919.0,0.0,1.25,1.25,1943.0,False,✕ 外れ: 予測+0.0% → 実際+1.3%（誤差1.3%）
TMO,Thermo Fisher Scientific,2026-03-22,1日後,1,3,評価可能,474.39,-0.01,3.45,3.46,490.77,False,✕ 外れ: 下落予測-0.0%に対し+3.5%上昇。好材料やリバウンドの可能性
QCOM,Qualcomm,2026-03-22,1日後,1,3,評価可能,129.9,0.15,0.35,0.2,130.35,True,◎ 精度良好: 予測+0.1% → 実際+0.3%（誤差0.2%）
DELL,Dell Technologies,2026-03-22,1日後,1,3,評価可能,157.67,-0.0,16.71,16.71,184.01,False,✕ 外れ: 予測-0.0% → 実際+16.7%（誤差16.7%）
6098,リクルートHD,2026-03-22,1日後,1,3,評価可能,6332.0,0.21,1.33,1.12,6416.0,True,◎ 精度良好: 予測+0.2% → 実際+1.3%（誤差1.1%）
META,Meta Platforms,2026-03-22,1日後,1,3,評価可能,593.66,0.13,0.21,0.08,594.89,True,◎ 精度良好: 予測+0.1% → 実際+0.2%（誤差0.1%）
SNPS,Synopsys,2026-03-22,1日後,1,3,評価可能,420.32,0.15,-2.42,-2.57,410.13,False,✕ 外れ: 上昇予測+0.1%に対し-2.4%下落。突発的な悪材料の可能性
PYPL,PayPal,2026-03-22,1日後,1,3,評価可能,44.01,0.02,1.91,1.89,44.85,True,◎ 精度良好: 予測+0.0% → 実際+1.9%（誤差1.9%）
2413,エムスリー,2026-03-22,1日後,1,3,評価可能,1608.0,-0.0,-1.03,-1.03,1591.5,False,✕ 外れ: 予測-0.0% → 実際-1.0%（誤差1.0%）
UBER,Uber Technologies,2026-03-22,1日後,1,3,評価可能,73.89,0.13,-1.1,-1.23,73.08,False,✕ 外れ: 上昇予測+0.1%に対し-1.1%下落。突発的な悪材料の可能性
MA,Mastercard,2026-03-22,1日後,1,3,評価可能,496.32,-0.05,1.3,1.35,502.76,False,✕ 外れ: 下落予測-0.1%に対し+1.3%上昇。好材料やリバウンドの可能性
4661,オリエンタルランド,2026-03-22,1日後,1,3,評価可能,2724.0,0.4,-1.58,-1.98,2681.0,False,✕ 外れ: 上昇予測+0.4%に対し-1.6%下落。突発的な悪材料の可能性
MDB,MongoDB,2026-03-22,1日後,1,3,評価可能,261.16,-0.0,-5.6,-5.6,246.54,False,✕ 外れ: 予測-0.0% → 実際-5.6%（誤差5.6%）
IONQ,IonQ,2026-03-22,1日後,1,3,評価可能,31.2,0.09,2.44,2.35,31.96,True,○ 方向的中: 予測+0.1% → 実際+2.4%（誤差2.3%）
RBLX,Roblox,2026-03-22,1日後,1,3,評価可能,56.96,-0.37,-0.54,-0.17,56.65,True,◎ 精度良好: 予測-0.4% → 実際-0.5%（誤差0.2%）
LLY,Eli Lilly,2026-03-22,1日後,1,3,評価可能,906.7,0.03,1.06,1.03,916.31,True,◎ 精度良好: 予測+0.0% → 実際+1.1%（誤差1.0%）
9005,東急,2026-03-22,1日後,1,3,評価可能,1846.5,0.08,1.38,1.3,1872.0,True,◎ 精度良好: 予測+0.1% → 実際+1.4%（誤差1.3%）
CRM,Salesforce,2026-03-22,1日後,1,3,評価可能,195.38,-0.01,-6.87,-6.86,181.96,True,△ 下振れ: 予測-0.0%より低く-6.9%（上昇幅が予測未満）
ISRG,Intuitive Surgical,2026-03-22,1日後,1,3,評価可能,477.97,0.02,-1.67,-1.69,469.98,False,✕ 外れ: 上昇予測+0.0%に対し-1.7%下落。突発的な悪材料の可能性
AMZN,Amazon,2026-03-22,1日後,1,3,評価可能,205.37,0.01,3.09,3.08,211.71,True,○ 方向的中: 予測+0.0% → 実際+3.1%（誤差3.1%）
DXCM,DexCom,2026-03-22,1日後,1,3,評価可能,66.95,0.0,-0.16,-0.16,66.84,True,◎ 精度良好: 予測+0.0% → 実際-0.2%（誤差0.2%）
2801,キッコーマン,2026-03-22,1日後,1,3,評価可能,1336.5,0.52,-0.11,-0.63,1335.0,False,✕ 外れ: 上昇予測+0.5%に対し-0.1%下落。突発的な悪材料の可能性
MRVL,Marvell Technology,2026-03-22,1日後,1,3,評価可能,87.91,0.15,11.99,11.84,98.45,True,△ 上振れ: 予測+0.1%を超えて+12.0%（想定以上の上昇）
ZS,Zscaler,2026-03-22,1日後,1,3,評価可能,151.47,-0.11,-7.94,-7.83,139.44,True,△ 下振れ: 予測-0.1%より低く-7.9%（上昇幅が予測未満）
GOOGL,Alphabet,2026-03-22,1日後,1,3,評価可能,301.0,-0.02,-3.35,-3.33,290.93,True,○ 方向的中: 予測-0.0% → 実際-3.3%（誤差3.3%）
7974,任天堂,2026-03-22,1日後,1,3,評価可能,9734.0,0.03,-7.75,-7.78,8980.0,False,✕ 外れ: 上昇予測+0.0%に対し-7.7%下落。突発的な悪材料の可能性
8316,三井住友FG,2026-03-22,1日後,1,3,評価可能,5156.0,0.01,3.01,3.0,5311.0,True,○ 方向的中: 予測+0.0% → 実際+3.0%（誤差3.0%）
6501,日立製作所,2026-03-22,1日後,1,3,評価可能,4849.0,0.03,0.66,0.63,4881.0,True,◎ 精度良好: 予測+0.0% → 実際+0.7%（誤差0.6%）
RGTI,Rigetti Computing,2026-03-22,1日後,1,3,評価可能,14.88,0.03,1.75,1.72,15.14,True,◎ 精度良好: 予測+0.0% → 実際+1.7%（誤差1.7%）
2914,JT（日本たばこ）,2026-03-22,1日後,1,3,評価可能,5847.0,0.12,1.76,1.64,5950.0,True,◎ 精度良好: 予測+0.1% → 実際+1.8%（誤差1.6%）
XLF,Financial Select SPDR,2026-03-22,1日後,1,3,評価可能,49.08,0.01,0.53,0.52,49.34,True,◎ 精度良好: 予測+0.0% → 実際+0.5%（誤差0.5%）
HPE,Hewlett Packard Enterprise,2026-03-22,1日後,1,3,評価可能,21.69,0.04,18.86,18.82,25.78,True,△ 上振れ: 予測+0.0%を超えて+18.9%（想定以上の上昇）
4816,東映アニメーション,2026-03-22,1日後,1,3,評価可能,2524.0,0.13,2.02,1.89,2575.0,True,◎ 精度良好: 予測+0.1% → 実際+2.0%（誤差1.9%）
NFLX,Netflix,2026-03-22,1日後,1,3,評価可能,91.82,0.02,0.5,0.48,92.28,True,◎ 精度良好: 予測+0.0% → 実際+0.5%（誤差0.5%）
3993,PKSHA Technology,2026-03-22,1日後,1,3,評価可能,2856.0,0.81,0.07,-0.74,2858.0,True,◎ 精度良好: 予測+0.8% → 実際+0.1%（誤差0.7%）
XYZ,Block (Square),2026-03-22,1日後,1,3,評価可能,59.37,-0.0,1.08,1.08,60.01,False,✕ 外れ: 予測-0.0% → 実際+1.1%（誤差1.1%）
NVDA,NVIDIA,2026-03-22,1日後,1,3,評価可能,172.93,0.28,3.33,3.05,178.68,True,○ 方向的中: 予測+0.3% → 実際+3.3%（誤差3.0%）
7203,トヨタ自動車,2026-03-22,1日後,1,3,評価可能,3325.0,0.1,0.39,0.29,3338.0,True,◎ 精度良好: 予測+0.1% → 実際+0.4%（誤差0.3%）
6723,ルネサスエレクトロニクス,2026-03-22,1日後,1,3,評価可能,2505.5,0.0,-3.25,-3.25,2424.0,False,✕ 外れ: 予測+0.0% → 実際-3.3%（誤差3.3%）
LRCX,Lam Research,2026-03-22,1日後,1,3,評価可能,228.36,0.35,2.23,1.88,233.45,True,◎ 精度良好: 予測+0.3% → 実際+2.2%（誤差1.9%）
9433,KDDI,2026-03-22,1日後,1,3,評価可能,2667.0,0.07,1.44,1.37,2705.5,True,◎ 精度良好: 予測+0.1% → 実際+1.4%（誤差1.4%）
ARM,Arm Holdings,2026-03-22,1日後,1,3,評価可能,132.35,-0.06,18.68,18.74,157.07,False,✕ 外れ: 下落予測-0.1%に対し+18.7%上昇。好材料やリバウンドの可能性
AAPL,Apple,2026-03-22,1日後,1,3,評価可能,247.99,0.0,1.87,1.87,252.62,False,✕ 外れ: 予測+0.0% → 実際+1.9%（誤差1.9%）
6594,日本電産,2026-03-22,1日後,1,3,評価可能,2164.0,0.07,1.2,1.13,2190.0,True,◎ 精度良好: 予測+0.1% → 実際+1.2%（誤差1.1%）
MU,Micron Technology,2026-03-22,1日後,1,3,評価可能,422.88,0.65,-9.65,-10.3,382.09,False,✕ 外れ: 上昇予測+0.7%に対し-9.6%下落。突発的な悪材料の可能性
SNOW,Snowflake,2026-03-22,1日後,1,3,評価可能,168.02,0.04,-4.41,-4.45,160.61,False,✕ 外れ: 上昇予測+0.0%に対し-4.4%下落。突発的な悪材料の可能性
8001,伊藤忠商事,2026-03-22,1日後,1,3,評価可能,2024.0,0.13,2.69,2.56,2078.5,True,○ 方向的中: 予測+0.1% → 実際+2.7%（誤差2.6%）
9984,ソフトバンクグループ,2026-03-22,1日後,1,3,評価可能,3558.0,0.01,7.05,7.04,3809.0,True,△ 上振れ: 予測+0.0%を超えて+7.1%（想定以上の上昇）
SHOP,Shopify,2026-03-22,1日後,1,3,評価可能,116.78,0.0,1.4,1.4,118.42,False,✕ 外れ: 予測+0.0% → 実際+1.4%（誤差1.4%）
RIVN,Rivian Automotive,2026-03-22,1日後,1,3,評価可能,14.91,0.26,4.76,4.5,15.62,True,○ 方向的中: 予測+0.3% → 実際+4.8%（誤差4.5%）
NOW,ServiceNow,2026-03-22,1日後,1,3,評価可能,110.38,0.01,-6.63,-6.64,103.06,False,✕ 外れ: 上昇予測+0.0%に対し-6.6%下落。突発的な悪材料の可能性
9432,NTT,2026-03-22,1日後,1,3,評価可能,158.6,-0.02,-0.69,-0.67,157.5,True,◎ 精度良好: 予測-0.0% → 実際-0.7%（誤差0.7%）
8411,みずほFG,2026-03-22,1日後,1,3,評価可能,6150.0,0.01,4.41,4.4,6421.0,True,○ 方向的中: 予測+0.0% → 実際+4.4%（誤差4.4%）
4443,Sansan,2026-03-22,1日後,1,3,評価可能,1112.0,0.0,2.16,2.16,1136.0,False,✕ 外れ: 予測+0.0% → 実際+2.2%（誤差2.2%）
4478,フリー,2026-03-22,1日後,1,3,評価可能,2028.0,0.0,6.02,6.02,2150.0,False,✕ 外れ: 予測+0.0% → 実際+6.0%（誤差6.0%）
KLAC,KLA Corporation,2026-03-22,1日後,1,3,評価可能,1498.67,0.1,3.01,2.91,1543.82,True,○ 方向的中: 予測+0.1% → 実際+3.0%（誤差2.9%）
ADBE,Adobe,2026-03-22,1日後,1,3,評価可能,248.15,-0.03,-4.39,-4.36,237.25,True,○ 方向的中: 予測-0.0% → 実際-4.4%（誤差4.4%）
NVO,Novo Nordisk,2026-03-22,1日後,1,3,評価可能,36.53,-0.06,-0.55,-0.49,36.33,True,◎ 精度良好: 予測-0.1% → 実際-0.5%（誤差0.5%）
COIN,Coinbase,2026-03-22,1日後,1,3,評価可能,197.5,0.11,-8.3,-8.41,181.1,False,✕ 外れ: 上昇予測+0.1%に対し-8.3%下落。突発的な悪材料の可能性
AMD,AMD,2026-03-22,1日後,1,3,評価可能,201.33,0.01,9.41,9.4,220.27,True,△ 上振れ: 予測+0.0%を超えて+9.4%（想定以上の上昇）
PATH,UiPath,2026-03-22,1日後,1,3,評価可能,12.06,0.03,-9.37,-9.4,10.93,False,✕ 外れ: 上昇予測+0.0%に対し-9.4%下落。突発的な悪材料の可能性
VOO,Vanguard S&P 500,2026-03-22,1日後,1,3,評価可能,597.94,0.08,1.29,1.21,605.66,True,◎ 精度良好: 予測+0.1% → 実際+1.3%（誤差1.2%）
CDNS,Cadence Design,2026-03-22,1日後,1,3,評価可能,283.9,0.1,-0.88,-0.98,281.39,False,✕ 外れ: 上昇予測+0.1%に対し-0.9%下落。突発的な悪材料の可能性
TSM,TSMC,2026-03-22,1日後,1,3,評価可能,329.24,0.31,5.62,5.31,347.75,True,△ 上振れ: 予測+0.3%を超えて+5.6%（想定以上の上昇）
8766,東京海上HD,2026-03-22,1日後,1,3,評価可能,6032.0,0.03,30.26,30.23,7857.0,True,△ 上振れ: 予測+0.0%を超えて+30.3%（想定以上の上昇）
XLE,Energy Select SPDR,2026-03-22,1日後,1,3,評価可能,59.31,0.01,2.12,2.11,60.57,True,○ 方向的中: 予測+0.0% → 実際+2.1%（誤差2.1%）
EA,Electronic Arts,2026-03-22,1日後,1,3,評価可能,200.51,0.01,0.91,0.9,202.34,True,◎ 精度良好: 予測+0.0% → 実際+0.9%（誤差0.9%）
8306,三菱UFJ FG,2026-03-22,1日後,1,3,評価可能,2686.0,0.01,1.21,1.2,2718.5,True,◎ 精度良好: 予測+0.0% → 実際+1.2%（誤差1.2%）
6367,ダイキン工業,2026-03-22,1日後,1,3,評価可能,19370.0,0.03,2.04,2.01,19765.0,True,○ 方向的中: 予測+0.0% → 実際+2.0%（誤差2.0%）
6857,アドバンテスト,2026-03-22,1日後,1,3,評価可能,23980.0,0.48,-2.31,-2.79,23425.0,False,✕ 外れ: 上昇予測+0.5%に対し-2.3%下落。突発的な悪材料の可能性
8031,三井物産,2026-03-22,1日後,1,3,評価可能,6250.0,0.4,0.05,-0.35,6253.0,True,◎ 精度良好: 予測+0.4% → 実際+0.0%（誤差0.4%）
6963,ローム,2026-03-22,1日後,1,3,評価可能,3213.0,0.07,3.86,3.79,3337.0,True,○ 方向的中: 予測+0.1% → 実際+3.9%（誤差3.8%）
XLV,Health Care Select SPDR,2026-03-22,1日後,1,3,評価可能,145.33,0.02,0.63,0.61,146.24,True,◎ 精度良好: 予測+0.0% → 実際+0.6%（誤差0.6%）
7012,川崎重工業,2026-03-22,1日後,1,3,評価可能,16500.0,0.01,-8.45,-8.46,15105.0,False,✕ 外れ: 上昇予測+0.0%に対し-8.5%下落。突発的な悪材料の可能性
IBM,IBM,2026-03-22,1日後,1,3,評価可能,241.77,0.12,-0.16,-0.28,241.39,False,✕ 外れ: 上昇予測+0.1%に対し-0.2%下落。突発的な悪材料の可能性
6861,キーエンス,2026-03-22,1日後,1,3,評価可能,59080.0,0.28,-1.81,-2.09,58010.0,False,✕ 外れ: 上昇予測+0.3%に対し-1.8%下落。突発的な悪材料の可能性
7013,IHI,2026-03-22,1日後,1,3,評価可能,3769.0,0.06,-6.87,-6.93,3510.0,False,✕ 外れ: 上昇予測+0.1%に対し-6.9%下落。突発的な悪材料の可能性
RKLB,Rocket Lab,2026-03-22,1日後,1,3,評価可能,67.23,0.15,8.4,8.25,72.88,True,△ 上振れ: 予測+0.1%を超えて+8.4%（想定以上の上昇）
6920,レーザーテック,2026-03-22,1日後,1,3,評価可能,35090.0,0.01,-4.79,-4.8,33410.0,False,✕ 外れ: 上昇予測+0.0%に対し-4.8%下落。突発的な悪材料の可能性
AMAT,Applied Materials,2026-03-22,1日後,1,3,評価可能,357.06,0.16,3.44,3.28,369.34,True,○ 方向的中: 予測+0.2% → 実際+3.4%（誤差3.3%）
8830,住友不動産,2026-03-22,1日後,1,3,評価可能,4678.0,0.25,-1.09,-1.34,4627.0,False,✕ 外れ: 上昇予測+0.2%に対し-1.1%下落。突発的な悪材料の可能性
6146,ディスコ,2026-03-22,1日後,1,3,評価可能,69580.0,0.08,-2.3,-2.38,67980.0,False,✕ 外れ: 上昇予測+0.1%に対し-2.3%下落。突発的な悪材料の可能性
ENPH,Enphase Energy,2026-03-22,1日後,1,3,評価可能,44.11,0.03,-3.58,-3.61,42.53,False,✕ 外れ: 上昇予測+0.0%に対し-3.6%下落。突発的な悪材料の可能性
ORCL,Oracle,2026-03-22,1日後,1,3,評価可能,149.68,0.13,-2.45,-2.58,146.02,False,✕ 外れ: 上昇予測+0.1%に対し-2.4%下落。突発的な悪材料の可能性
AVGO,Broadcom,2026-03-22,1日後,1,3,評価可能,310.51,0.02,2.67,2.65,318.81,True,○ 方向的中: 予測+0.0% → 実際+2.7%（誤差2.7%）
NET,Cloudflare,2026-03-22,1日後,1,3,評価可能,215.42,0.0,1.2,1.2,218.0,False,✕ 外れ: 予測+0.0% → 実際+1.2%（誤差1.2%）
4385,メルカリ,2026-03-22,1日後,1,3,評価可能,3496.0,0.13,2.55,2.42,3585.0,True,○ 方向的中: 予測+0.1% → 実際+2.5%（誤差2.4%）
8035,東京エレクトロン,2026-03-22,1日後,1,3,評価可能,39330.0,0.1,2.62,2.52,40360.0,True,○ 方向的中: 予測+0.1% → 実際+2.6%（誤差2.5%）
PANW,Palo Alto Networks,2026-03-22,1日後,1,3,評価可能,162.95,0.01,-5.97,-5.98,153.22,False,✕ 外れ: 上昇予測+0.0%に対し-6.0%下落。突発的な悪材料の可能性
ABBV,AbbVie,2026-03-22,1日後,1,3,評価可能,205.07,0.0,1.03,1.03,207.18,False,✕ 外れ: 予測+0.0% → 実際+1.0%（誤差1.0%）
ABNB,Airbnb,2026-03-22,1日後,1,3,評価可能,128.52,0.13,2.56,2.43,131.81,True,○ 方向的中: 予測+0.1% → 実際+2.6%（誤差2.4%）
7011,三菱重工業,2026-03-22,1日後,1,3,評価可能,4848.0,0.13,-6.21,-6.34,4547.0,False,✕ 外れ: 上昇予測+0.1%に対し-6.2%下落。突発的な悪材料の可能性
LCID,Lucid Group,2026-03-22,1日後,1,3,評価可能,10.06,0.14,6.16,6.02,10.68,True,△ 上振れ: 予測+0.1%を超えて+6.2%（想定以上の上昇）
QQQ,Invesco NASDAQ 100,2026-03-22,1日後,1,3,評価可能,582.06,0.14,0.99,0.85,587.82,True,◎ 精度良好: 予測+0.1% → 実際+1.0%（誤差0.8%）
CRWD,CrowdStrike,2026-03-22,1日後,1,3,評価可能,409.0,-0.07,-5.66,-5.59,385.86,True,△ 下振れ: 予測-0.1%より低く-5.7%（上昇幅が予測未満）
8058,三菱商事,2026-03-22,1日後,1,3,評価可能,5397.0,0.45,2.95,2.5,5556.0,True,○ 方向的中: 予測+0.5% → 実際+2.9%（誤差2.5%）
AI,C3.ai,2026-03-22,1日後,1,3,評価可能,8.47,-0.03,-2.24,-2.21,8.28,True,○ 方向的中: 予測-0.0% → 実際-2.2%（誤差2.2%）
4063,信越化学工業,2026-03-22,1日後,1,3,評価可能,6373.0,0.51,-1.24,-1.75,6294.0,False,✕ 外れ: 上昇予測+0.5%に対し-1.2%下落。突発的な悪材料の可能性
ARKK,ARK Innovation,2026-03-22,1日後,1,3,評価可能,69.15,0.18,1.08,0.9,69.9,True,◎ 精度良好: 予測+0.2% → 実際+1.1%（誤差0.9%）
ESTC,Elastic,2026-03-22,1日後,1,3,評価可能,53.31,0.05,-6.32,-6.37,49.94,False,✕ 外れ: 上昇予測+0.1%に対し-6.3%下落。突発的な悪材料の可能性
DDOG,Datadog,2026-03-22,1日後,1,3,評価可能,125.08,-0.0,-1.43,-1.43,123.29,False,✕ 外れ: 予測-0.0% → 実際-1.4%（誤差1.4%）
INTC,Intel,2026-03-22,1日後,1,3,評価可能,43.87,0.1,7.55,7.45,47.18,True,△ 上振れ: 予測+0.1%を超えて+7.5%（想定以上の上昇）
MRNA,Moderna,2026-03-22,1日後,1,3,評価可能,51.38,-0.14,4.2,4.34,53.54,False,✕ 外れ: 下落予測-0.1%に対し+4.2%上昇。好材料やリバウンドの可能性
SOXX,iShares Semiconductor,2026-03-22,1日後,1,3,評価可能,332.51,0.28,,,,False,✕ 外れ: 予測+0.3% → 実際+nan%（誤差nan%）
9983,ファーストリテイリング,2026-03-22,1日後,1,3,評価可能,63430.0,0.23,-1.62,-1.85,62400.0,False,✕ 外れ: 上昇予測+0.2%に対し-1.6%下落。突発的な悪材料の可能性
TSLA,Tesla,2026-03-22,1日後,1,3,評価可能,367.96,0.16,4.89,4.73,385.95,True,○ 方向的中: 予測+0.2% → 実際+4.9%（誤差4.7%）
PLTR,Palantir,2026-03-22,1日後,1,3,評価可能,150.68,0.04,2.84,2.8,154.96,True,○ 方向的中: 予測+0.0% → 実際+2.8%（誤差2.8%）
3659,ネクソン,2026-03-23,1日後,1,2,評価可能,2846.5,0.03,3.43,3.4,2944.0,True,○ 方向的中: 予測+0.0% → 実際+3.4%（誤差3.4%）
MSFT,Microsoft,2026-03-23,1日後,1,2,評価可能,383.0,0.0,-3.12,-3.12,371.04,False,✕ 外れ: 予測+0.0% → 実際-3.1%（誤差3.1%）
SMCI,Super Micro Computer,2026-03-23,1日後,1,2,評価可能,21.58,-0.03,11.45,11.48,24.05,False,✕ 外れ: 下落予測-0.0%に対し+11.4%上昇。好材料やリバウンドの可能性
7267,ホンダ,2026-03-23,1日後,1,2,評価可能,1284.0,0.11,2.34,2.23,1314.0,True,○ 方向的中: 予測+0.1% → 実際+2.3%（誤差2.2%）
2413,エムスリー,2026-03-23,1日後,1,2,評価可能,1567.0,-0.0,1.56,1.56,1591.5,False,✕ 外れ: 予測-0.0% → 実際+1.6%（誤差1.6%）
SOFI,SoFi Technologies,2026-03-23,1日後,1,2,評価可能,17.15,-0.27,-3.44,-3.17,16.56,True,○ 方向的中: 予測-0.3% → 実際-3.4%（誤差3.2%）
7269,スズキ,2026-03-23,1日後,1,2,評価可能,1882.0,0.0,3.24,3.24,1943.0,False,✕ 外れ: 予測+0.0% → 実際+3.2%（誤差3.2%）
6526,ソシオネクスト,2026-03-23,1日後,1,2,評価可能,1745.0,-0.03,6.93,6.96,1866.0,False,✕ 外れ: 下落予測-0.0%に対し+6.9%上昇。好材料やリバウンドの可能性
TTWO,Take-Two Interactive,2026-03-23,1日後,1,2,評価可能,200.84,0.01,-3.88,-3.89,193.05,False,✕ 外れ: 上昇予測+0.0%に対し-3.9%下落。突発的な悪材料の可能性
UBER,Uber Technologies,2026-03-23,1日後,1,2,評価可能,75.12,-0.09,-2.72,-2.63,73.08,True,○ 方向的中: 予測-0.1% → 実際-2.7%（誤差2.6%）
6098,リクルートHD,2026-03-23,1日後,1,2,評価可能,6311.0,0.03,1.66,1.63,6416.0,True,◎ 精度良好: 予測+0.0% → 実際+1.7%（誤差1.6%）
6758,ソニーグループ,2026-03-23,1日後,1,2,評価可能,3192.0,0.12,2.32,2.2,3266.0,True,○ 方向的中: 予測+0.1% → 実際+2.3%（誤差2.2%）
V,Visa,2026-03-23,1日後,1,2,評価可能,304.44,-0.06,0.15,0.21,304.91,False,✕ 外れ: 下落予測-0.1%に対し+0.2%上昇。好材料やリバウンドの可能性
AFRM,Affirm Holdings,2026-03-23,1日後,1,2,評価可能,46.16,-0.34,-2.4,-2.06,45.05,True,○ 方向的中: 予測-0.3% → 実際-2.4%（誤差2.1%）
CRM,Salesforce,2026-03-23,1日後,1,2,評価可能,195.18,0.0,-6.77,-6.77,181.96,False,✕ 外れ: 予測+0.0% → 実際-6.8%（誤差6.8%）
9005,東急,2026-03-23,1日後,1,2,評価可能,1821.0,-0.0,2.8,2.8,1872.0,False,✕ 外れ: 予測-0.0% → 実際+2.8%（誤差2.8%）
4568,第一三共,2026-03-23,1日後,1,2,評価可能,2961.0,-0.01,0.44,0.45,2974.0,False,✕ 外れ: 下落予測-0.0%に対し+0.4%上昇。好材料やリバウンドの可能性
2801,キッコーマン,2026-03-23,1日後,1,2,評価可能,1310.0,0.52,1.91,1.39,1335.0,True,◎ 精度良好: 予測+0.5% → 実際+1.9%（誤差1.4%）
MA,Mastercard,2026-03-23,1日後,1,2,評価可能,500.38,-0.04,0.48,0.52,502.76,False,✕ 外れ: 下落予測-0.0%に対し+0.5%上昇。好材料やリバウンドの可能性
ZS,Zscaler,2026-03-23,1日後,1,2,評価可能,151.8,-0.14,-8.14,-8.0,139.44,True,△ 下振れ: 予測-0.1%より低く-8.1%（上昇幅が予測未満）
RBLX,Roblox,2026-03-23,1日後,1,2,評価可能,56.84,-0.41,-0.33,0.08,56.65,True,◎ 精度良好: 予測-0.4% → 実際-0.3%（誤差0.1%）
MRVL,Marvell Technology,2026-03-23,1日後,1,2,評価可能,90.16,-0.2,9.19,9.39,98.45,False,✕ 外れ: 下落予測-0.2%に対し+9.2%上昇。好材料やリバウンドの可能性
6723,ルネサスエレクトロニクス,2026-03-23,1日後,1,2,評価可能,2276.0,-0.01,6.5,6.51,2424.0,False,✕ 外れ: 下落予測-0.0%に対し+6.5%上昇。好材料やリバウンドの可能性
TMO,Thermo Fisher Scientific,2026-03-23,1日後,1,2,評価可能,478.12,0.0,2.65,2.65,490.77,False,✕ 外れ: 予測+0.0% → 実際+2.6%（誤差2.6%）
6367,ダイキン工業,2026-03-23,1日後,1,2,評価可能,18630.0,0.05,6.09,6.04,19765.0,True,△ 上振れ: 予測+0.1%を超えて+6.1%（想定以上の上昇）
PYPL,PayPal,2026-03-23,1日後,1,2,評価可能,45.49,-0.15,-1.41,-1.26,44.85,True,◎ 精度良好: 予測-0.1% → 実際-1.4%（誤差1.3%）
4816,東映アニメーション,2026-03-23,1日後,1,2,評価可能,2501.0,0.1,2.96,2.86,2575.0,True,○ 方向的中: 予測+0.1% → 実際+3.0%（誤差2.9%）
7013,IHI,2026-03-23,1日後,1,2,評価可能,3470.0,0.02,1.15,1.13,3510.0,True,◎ 精度良好: 予測+0.0% → 実際+1.2%（誤差1.1%）
LLY,Eli Lilly,2026-03-23,1日後,1,2,評価可能,910.55,-0.01,0.63,0.64,916.31,False,✕ 外れ: 下落予測-0.0%に対し+0.6%上昇。好材料やリバウンドの可能性
ISRG,Intuitive Surgical,2026-03-23,1日後,1,2,評価可能,478.04,0.01,-1.69,-1.7,469.98,False,✕ 外れ: 上昇予測+0.0%に対し-1.7%下落。突発的な悪材料の可能性
6501,日立製作所,2026-03-23,1日後,1,2,評価可能,4800.0,0.05,1.69,1.64,4881.0,True,◎ 精度良好: 予測+0.1% → 実際+1.7%（誤差1.6%）
DXCM,DexCom,2026-03-23,1日後,1,2,評価可能,65.94,0.08,1.36,1.28,66.84,True,◎ 精度良好: 予測+0.1% → 実際+1.4%（誤差1.3%）
XLF,Financial Select SPDR,2026-03-23,1日後,1,2,評価可能,49.27,0.01,0.14,0.13,49.34,True,◎ 精度良好: 予測+0.0% → 実際+0.1%（誤差0.1%）
IONQ,IonQ,2026-03-23,1日後,1,2,評価可能,33.11,-0.12,-3.47,-3.35,31.96,True,○ 方向的中: 予測-0.1% → 実際-3.5%（誤差3.4%）
DELL,Dell Technologies,2026-03-23,1日後,1,2,評価可能,164.59,-0.0,11.8,11.8,184.01,False,✕ 外れ: 予測-0.0% → 実際+11.8%（誤差11.8%）
8830,住友不動産,2026-03-23,1日後,1,2,評価可能,4344.0,0.08,6.51,6.43,4627.0,True,△ 上振れ: 予測+0.1%を超えて+6.5%（想定以上の上昇）
GOOGL,Alphabet,2026-03-23,1日後,1,2,評価可能,302.06,-0.03,-3.68,-3.65,290.93,True,○ 方向的中: 予測-0.0% → 実際-3.7%（誤差3.7%）
7203,トヨタ自動車,2026-03-23,1日後,1,2,評価可能,3251.0,0.09,2.68,2.59,3338.0,True,○ 方向的中: 予測+0.1% → 実際+2.7%（誤差2.6%）
8001,伊藤忠商事,2026-03-23,1日後,1,2,評価可能,1959.5,0.01,6.07,6.06,2078.5,True,△ 上振れ: 予測+0.0%を超えて+6.1%（想定以上の上昇）
NOW,ServiceNow,2026-03-23,1日後,1,2,評価可能,110.95,0.0,-7.11,-7.11,103.06,False,✕ 外れ: 予測+0.0% → 実際-7.1%（誤差7.1%）
8766,東京海上HD,2026-03-23,1日後,1,2,評価可能,5857.0,0.15,34.15,34.0,7857.0,True,△ 上振れ: 予測+0.1%を超えて+34.1%（想定以上の上昇）
META,Meta Platforms,2026-03-23,1日後,1,2,評価可能,604.06,-0.08,-1.52,-1.44,594.89,True,◎ 精度良好: 予測-0.1% → 実際-1.5%（誤差1.4%）
ORCL,Oracle,2026-03-23,1日後,1,2,評価可能,154.34,-0.07,-5.39,-5.32,146.02,True,△ 下振れ: 予測-0.1%より低く-5.4%（上昇幅が予測未満）
IBM,IBM,2026-03-23,1日後,1,2,評価可能,248.44,-0.08,-2.84,-2.76,241.39,True,○ 方向的中: 予測-0.1% → 実際-2.8%（誤差2.8%）
SNPS,Synopsys,2026-03-23,1日後,1,2,評価可能,432.48,-0.24,-5.17,-4.93,410.13,True,○ 方向的中: 予測-0.2% → 実際-5.2%（誤差4.9%）
8306,三菱UFJ FG,2026-03-23,1日後,1,2,評価可能,2564.5,0.01,6.01,6.0,2718.5,True,△ 上振れ: 予測+0.0%を超えて+6.0%（想定以上の上昇）
8316,三井住友FG,2026-03-23,1日後,1,2,評価可能,5009.0,0.01,6.03,6.02,5311.0,True,△ 上振れ: 予測+0.0%を超えて+6.0%（想定以上の上昇）
9984,ソフトバンクグループ,2026-03-23,1日後,1,2,評価可能,3507.0,-0.04,8.61,8.65,3809.0,False,✕ 外れ: 下落予測-0.0%に対し+8.6%上昇。好材料やリバウンドの可能性
6594,日本電産,2026-03-23,1日後,1,2,評価可能,2154.0,-0.0,1.67,1.67,2190.0,False,✕ 外れ: 予測-0.0% → 実際+1.7%（誤差1.7%）
HPE,Hewlett Packard Enterprise,2026-03-23,1日後,1,2,評価可能,22.32,-0.03,15.5,15.53,25.78,False,✕ 外れ: 下落予測-0.0%に対し+15.5%上昇。好材料やリバウンドの可能性
4661,オリエンタルランド,2026-03-23,1日後,1,2,評価可能,2667.0,0.24,0.52,0.28,2681.0,True,◎ 精度良好: 予測+0.2% → 実際+0.5%（誤差0.3%）
LCID,Lucid Group,2026-03-23,1日後,1,2,評価可能,10.31,-0.14,3.59,3.73,10.68,False,✕ 外れ: 下落予測-0.1%に対し+3.6%上昇。好材料やリバウンドの可能性
RGTI,Rigetti Computing,2026-03-23,1日後,1,2,評価可能,15.88,0.03,-4.66,-4.69,15.14,False,✕ 外れ: 上昇予測+0.0%に対し-4.7%下落。突発的な悪材料の可能性
9432,NTT,2026-03-23,1日後,1,2,評価可能,157.0,0.06,0.32,0.26,157.5,True,◎ 精度良好: 予測+0.1% → 実際+0.3%（誤差0.3%）
AMD,AMD,2026-03-23,1日後,1,2,評価可能,202.68,-0.0,8.68,8.68,220.27,False,✕ 外れ: 予測-0.0% → 実際+8.7%（誤差8.7%）
9433,KDDI,2026-03-23,1日後,1,2,評価可能,2664.0,0.03,1.56,1.53,2705.5,True,◎ 精度良好: 予測+0.0% → 実際+1.6%（誤差1.5%）
COIN,Coinbase,2026-03-23,1日後,1,2,評価可能,200.62,-0.06,-9.73,-9.67,181.1,True,△ 下振れ: 予測-0.1%より低く-9.7%（上昇幅が予測未満）
ARM,Arm Holdings,2026-03-23,1日後,1,2,評価可能,136.89,-0.09,14.74,14.83,157.07,False,✕ 外れ: 下落予測-0.1%に対し+14.7%上昇。好材料やリバウンドの可能性
PANW,Palo Alto Networks,2026-03-23,1日後,1,2,評価可能,164.05,0.0,-6.6,-6.6,153.22,False,✕ 外れ: 予測+0.0% → 実際-6.6%（誤差6.6%）
SNOW,Snowflake,2026-03-23,1日後,1,2,評価可能,174.2,-0.04,-7.8,-7.76,160.61,True,△ 下振れ: 予測-0.0%より低く-7.8%（上昇幅が予測未満）
PATH,UiPath,2026-03-23,1日後,1,2,評価可能,12.13,-0.01,-9.89,-9.88,10.93,True,△ 下振れ: 予測-0.0%より低く-9.9%（上昇幅が予測未満）
9983,ファーストリテイリング,2026-03-23,1日後,1,2,評価可能,61830.0,0.16,0.92,0.76,62400.0,True,◎ 精度良好: 予測+0.2% → 実際+0.9%（誤差0.8%）
2914,JT（日本たばこ）,2026-03-23,1日後,1,2,評価可能,5693.0,0.14,4.51,4.37,5950.0,True,○ 方向的中: 予測+0.1% → 実際+4.5%（誤差4.4%）
8411,みずほFG,2026-03-23,1日後,1,2,評価可能,5929.0,0.01,8.3,8.29,6421.0,True,△ 上振れ: 予測+0.0%を超えて+8.3%（想定以上の上昇）
NFLX,Netflix,2026-03-23,1日後,1,2,評価可能,93.38,0.02,-1.18,-1.2,92.28,False,✕ 外れ: 上昇予測+0.0%に対し-1.2%下落。突発的な悪材料の可能性
6861,キーエンス,2026-03-23,1日後,1,2,評価可能,56280.0,0.6,3.07,2.47,58010.0,True,○ 方向的中: 予測+0.6% → 実際+3.1%（誤差2.5%）
7974,任天堂,2026-03-23,1日後,1,2,評価可能,9432.0,0.04,-4.79,-4.83,8980.0,False,✕ 外れ: 上昇予測+0.0%に対し-4.8%下落。突発的な悪材料の可能性
MDB,MongoDB,2026-03-23,1日後,1,2,評価可能,273.25,-0.0,-9.77,-9.77,246.54,False,✕ 外れ: 予測-0.0% → 実際-9.8%（誤差9.8%）
QCOM,Qualcomm,2026-03-23,1日後,1,2,評価可能,128.35,0.2,1.56,1.36,130.35,True,◎ 精度良好: 予測+0.2% → 実際+1.6%（誤差1.4%）
NVDA,NVIDIA,2026-03-23,1日後,1,2,評価可能,175.64,-0.09,1.73,1.82,178.68,False,✕ 外れ: 下落予測-0.1%に対し+1.7%上昇。好材料やリバウンドの可能性
AMZN,Amazon,2026-03-23,1日後,1,2,評価可能,210.14,0.0,0.75,0.75,211.71,True,◎ 精度良好: 予測+0.0% → 実際+0.7%（誤差0.7%）
8031,三井物産,2026-03-23,1日後,1,2,評価可能,5874.0,0.15,6.45,6.3,6253.0,True,△ 上振れ: 予測+0.1%を超えて+6.5%（想定以上の上昇）
4443,Sansan,2026-03-23,1日後,1,2,評価可能,1114.0,0.0,1.97,1.97,1136.0,False,✕ 外れ: 予測+0.0% → 実際+2.0%（誤差2.0%）
3993,PKSHA Technology,2026-03-23,1日後,1,2,評価可能,2755.0,0.6,3.74,3.14,2858.0,True,○ 方向的中: 予測+0.6% → 実際+3.7%（誤差3.1%）
4478,フリー,2026-03-23,1日後,1,2,評価可能,2039.0,-0.0,5.44,5.44,2150.0,False,✕ 外れ: 予測-0.0% → 実際+5.4%（誤差5.4%）
LRCX,Lam Research,2026-03-23,1日後,1,2,評価可能,233.31,0.04,0.06,0.02,233.45,True,◎ 精度良好: 予測+0.0% → 実際+0.1%（誤差0.0%）
8058,三菱商事,2026-03-23,1日後,1,2,評価可能,5272.0,0.21,5.39,5.18,5556.0,True,△ 上振れ: 予測+0.2%を超えて+5.4%（想定以上の上昇）
CRWD,CrowdStrike,2026-03-23,1日後,1,2,評価可能,413.31,-0.04,-6.64,-6.6,385.86,True,△ 下振れ: 予測-0.0%より低く-6.6%（上昇幅が予測未満）
XLE,Energy Select SPDR,2026-03-23,1日後,1,2,評価可能,59.63,0.1,1.58,1.48,60.57,True,◎ 精度良好: 予測+0.1% → 実際+1.6%（誤差1.5%）
XLV,Health Care Select SPDR,2026-03-23,1日後,1,2,評価可能,144.77,0.01,1.02,1.01,146.24,True,◎ 精度良好: 予測+0.0% → 実際+1.0%（誤差1.0%）
MU,Micron Technology,2026-03-23,1日後,1,2,評価可能,404.35,0.44,-5.51,-5.95,382.09,False,✕ 外れ: 上昇予測+0.4%に対し-5.5%下落。突発的な悪材料の可能性
SHOP,Shopify,2026-03-23,1日後,1,2,評価可能,121.1,-0.0,-2.21,-2.21,118.42,False,✕ 外れ: 予測-0.0% → 実際-2.2%（誤差2.2%）
ADBE,Adobe,2026-03-23,1日後,1,2,評価可能,247.64,-0.02,-4.2,-4.18,237.25,True,○ 方向的中: 予測-0.0% → 実際-4.2%（誤差4.2%）
XYZ,Block (Square),2026-03-23,1日後,1,2,評価可能,61.17,-0.0,-1.9,-1.9,60.01,False,✕ 外れ: 予測-0.0% → 実際-1.9%（誤差1.9%）
6857,アドバンテスト,2026-03-23,1日後,1,2,評価可能,22730.0,0.5,3.06,2.56,23425.0,True,○ 方向的中: 予測+0.5% → 実際+3.1%（誤差2.6%）
RIVN,Rivian Automotive,2026-03-23,1日後,1,2,評価可能,15.77,-0.19,-0.95,-0.76,15.62,True,◎ 精度良好: 予測-0.2% → 実際-1.0%（誤差0.8%）
ABBV,AbbVie,2026-03-23,1日後,1,2,評価可能,204.93,0.0,1.1,1.1,207.18,False,✕ 外れ: 予測+0.0% → 実際+1.1%（誤差1.1%）
6146,ディスコ,2026-03-23,1日後,1,2,評価可能,65300.0,0.4,4.1,3.7,67980.0,True,○ 方向的中: 予測+0.4% → 実際+4.1%（誤差3.7%）
ABNB,Airbnb,2026-03-23,1日後,1,2,評価可能,132.59,-0.22,-0.59,-0.37,131.81,True,◎ 精度良好: 予測-0.2% → 実際-0.6%（誤差0.4%）
AAPL,Apple,2026-03-23,1日後,1,2,評価可能,251.49,0.0,0.45,0.45,252.62,True,◎ 精度良好: 予測+0.0% → 実際+0.4%（誤差0.4%）
VOO,Vanguard S&P 500,2026-03-23,1日後,1,2,評価可能,604.43,-0.04,0.2,0.24,605.66,False,✕ 外れ: 下落予測-0.0%に対し+0.2%上昇。好材料やリバウンドの可能性
NET,Cloudflare,2026-03-23,1日後,1,2,評価可能,220.65,-0.0,-1.2,-1.2,218.0,False,✕ 外れ: 予測-0.0% → 実際-1.2%（誤差1.2%）
NVO,Novo Nordisk,2026-03-23,1日後,1,2,評価可能,36.82,-0.06,-1.33,-1.27,36.33,True,◎ 精度良好: 予測-0.1% → 実際-1.3%（誤差1.3%）
4385,メルカリ,2026-03-23,1日後,1,2,評価可能,3403.0,0.21,5.35,5.14,3585.0,True,△ 上振れ: 予測+0.2%を超えて+5.3%（想定以上の上昇）
AI,C3.ai,2026-03-23,1日後,1,2,評価可能,8.72,-0.01,-5.05,-5.04,8.28,True,△ 下振れ: 予測-0.0%より低く-5.0%（上昇幅が予測未満）
EA,Electronic Arts,2026-03-23,1日後,1,2,評価可能,201.13,0.01,0.6,0.59,202.34,True,◎ 精度良好: 予測+0.0% → 実際+0.6%（誤差0.6%）
8035,東京エレクトロン,2026-03-23,1日後,1,2,評価可能,38300.0,0.11,5.38,5.27,40360.0,True,△ 上振れ: 予測+0.1%を超えて+5.4%（想定以上の上昇）
DDOG,Datadog,2026-03-23,1日後,1,2,評価可能,129.23,-0.0,-4.6,-4.6,123.29,False,✕ 外れ: 予測-0.0% → 実際-4.6%（誤差4.6%）
RKLB,Rocket Lab,2026-03-23,1日後,1,2,評価可能,68.0,0.0,7.18,7.18,72.88,False,✕ 外れ: 予測+0.0% → 実際+7.2%（誤差7.2%）
TSM,TSMC,2026-03-23,1日後,1,2,評価可能,338.45,-0.24,2.75,2.99,347.75,False,✕ 外れ: 下落予測-0.2%に対し+2.7%上昇。好材料やリバウンドの可能性
7012,川崎重工業,2026-03-23,1日後,1,2,評価可能,15365.0,0.01,-1.69,-1.7,15105.0,False,✕ 外れ: 上昇予測+0.0%に対し-1.7%下落。突発的な悪材料の可能性
AMAT,Applied Materials,2026-03-23,1日後,1,2,評価可能,361.79,0.05,2.09,2.04,369.34,True,○ 方向的中: 予測+0.1% → 実際+2.1%（誤差2.0%）
CDNS,Cadence Design,2026-03-23,1日後,1,2,評価可能,292.52,-0.22,-3.8,-3.58,281.39,True,○ 方向的中: 予測-0.2% → 実際-3.8%（誤差3.6%）
4063,信越化学工業,2026-03-23,1日後,1,2,評価可能,6073.0,0.49,3.64,3.15,6294.0,True,○ 方向的中: 予測+0.5% → 実際+3.6%（誤差3.1%）
ESTC,Elastic,2026-03-23,1日後,1,2,評価可能,52.89,0.0,-5.58,-5.58,49.94,False,✕ 外れ: 予測+0.0% → 実際-5.6%（誤差5.6%）
QQQ,Invesco NASDAQ 100,2026-03-23,1日後,1,2,評価可能,588.0,-0.05,-0.03,0.02,587.82,True,◎ 精度良好: 予測-0.1% → 実際-0.0%（誤差0.0%）
PLTR,Palantir,2026-03-23,1日後,1,2,評価可能,160.84,-0.04,-3.66,-3.62,154.96,True,○ 方向的中: 予測-0.0% → 実際-3.7%（誤差3.6%）
7011,三菱重工業,2026-03-23,1日後,1,2,評価可能,4517.0,0.17,0.66,0.49,4547.0,True,◎ 精度良好: 予測+0.2% → 実際+0.7%（誤差0.5%）
KLAC,KLA Corporation,2026-03-23,1日後,1,2,評価可能,1511.43,-0.02,2.14,2.16,1543.82,False,✕ 外れ: 下落予測-0.0%に対し+2.1%上昇。好材料やリバウンドの可能性
ARKK,ARK Innovation,2026-03-23,1日後,1,2,評価可能,70.92,-0.18,-1.44,-1.26,69.9,True,◎ 精度良好: 予測-0.2% → 実際-1.4%（誤差1.3%）
AVGO,Broadcom,2026-03-23,1日後,1,2,評価可能,322.51,0.01,-1.15,-1.16,318.81,False,✕ 外れ: 上昇予測+0.0%に対し-1.1%下落。突発的な悪材料の可能性
ENPH,Enphase Energy,2026-03-23,1日後,1,2,評価可能,40.76,0.81,4.34,3.53,42.53,True,○ 方向的中: 予測+0.8% → 実際+4.3%（誤差3.5%）
INTC,Intel,2026-03-23,1日後,1,2,評価可能,44.01,-0.0,7.2,7.2,47.18,False,✕ 外れ: 予測-0.0% → 実際+7.2%（誤差7.2%）
6963,ローム,2026-03-23,1日後,1,2,評価可能,3102.0,0.03,7.58,7.55,3337.0,True,△ 上振れ: 予測+0.0%を超えて+7.6%（想定以上の上昇）
6920,レーザーテック,2026-03-23,1日後,1,2,評価可能,32030.0,0.0,4.31,4.31,33410.0,False,✕ 外れ: 予測+0.0% → 実際+4.3%（誤差4.3%）
MRNA,Moderna,2026-03-23,1日後,1,2,評価可能,51.28,0.1,4.41,4.31,53.54,True,○ 方向的中: 予測+0.1% → 実際+4.4%（誤差4.3%）
SOXX,iShares Semiconductor,2026-03-23,1日後,1,2,評価可能,336.59,-0.11,,,,False,✕ 外れ: 予測-0.1% → 実際+nan%（誤差nan%）
TSLA,Tesla,2026-03-23,1日後,1,2,評価可能,380.85,-0.11,1.34,1.45,385.95,False,✕ 外れ: 下落予測-0.1%に対し+1.3%上昇。好材料やリバウンドの可能性
SMCI,Super Micro Computer,2026-03-24,1日後,1,1,評価可能,22.23,-0.03,8.19,8.22,24.05,False,✕ 外れ: 下落予測-0.0%に対し+8.2%上昇。好材料やリバウンドの可能性
SOFI,SoFi Technologies,2026-03-24,1日後,1,1,評価可能,16.7,-0.17,-0.84,-0.67,16.56,True,◎ 精度良好: 予測-0.2% → 実際-0.8%（誤差0.7%）
CRM,Salesforce,2026-03-24,1日後,1,1,評価可能,183.02,0.29,-0.58,-0.87,181.96,False,✕ 外れ: 上昇予測+0.3%に対し-0.6%下落。突発的な悪材料の可能性
V,Visa,2026-03-24,1日後,1,1,評価可能,303.76,0.01,0.38,0.37,304.91,True,◎ 精度良好: 予測+0.0% → 実際+0.4%（誤差0.4%）
UBER,Uber Technologies,2026-03-24,1日後,1,1,評価可能,72.34,0.24,1.02,0.78,73.08,True,◎ 精度良好: 予測+0.2% → 実際+1.0%（誤差0.8%）
3659,ネクソン,2026-03-24,1日後,1,1,評価可能,2870.5,-0.15,2.56,2.71,2944.0,False,✕ 外れ: 下落予測-0.1%に対し+2.6%上昇。好材料やリバウンドの可能性
MSFT,Microsoft,2026-03-24,1日後,1,1,評価可能,372.74,0.0,-0.46,-0.46,371.04,True,◎ 精度良好: 予測+0.0% → 実際-0.5%（誤差0.5%）
AFRM,Affirm Holdings,2026-03-24,1日後,1,1,評価可能,44.79,0.17,0.58,0.41,45.05,True,◎ 精度良好: 予測+0.2% → 実際+0.6%（誤差0.4%）
PYPL,PayPal,2026-03-24,1日後,1,1,評価可能,44.21,0.13,1.45,1.32,44.85,True,◎ 精度良好: 予測+0.1% → 実際+1.4%（誤差1.3%）
MA,Mastercard,2026-03-24,1日後,1,1,評価可能,498.93,0.01,0.77,0.76,502.76,True,◎ 精度良好: 予測+0.0% → 実際+0.8%（誤差0.8%）
7267,ホンダ,2026-03-24,1日後,1,1,評価可能,1300.5,-0.08,1.04,1.12,1314.0,False,✕ 外れ: 下落予測-0.1%に対し+1.0%上昇。好材料やリバウンドの可能性
ORCL,Oracle,2026-03-24,1日後,1,1,評価可能,147.09,0.17,-0.73,-0.9,146.02,False,✕ 外れ: 上昇予測+0.2%に対し-0.7%下落。突発的な悪材料の可能性
IONQ,IonQ,2026-03-24,1日後,1,1,評価可能,32.7,0.06,-2.26,-2.32,31.96,False,✕ 外れ: 上昇予測+0.1%に対し-2.3%下落。突発的な悪材料の可能性
RBLX,Roblox,2026-03-24,1日後,1,1,評価可能,55.0,-0.26,3.0,3.26,56.65,False,✕ 外れ: 下落予測-0.3%に対し+3.0%上昇。好材料やリバウンドの可能性
META,Meta Platforms,2026-03-24,1日後,1,1,評価可能,592.92,0.11,0.33,0.22,594.89,True,◎ 精度良好: 予測+0.1% → 実際+0.3%（誤差0.2%）
2413,エムスリー,2026-03-24,1日後,1,1,評価可能,1594.0,-0.0,-0.16,-0.16,1591.5,True,◎ 精度良好: 予測-0.0% → 実際-0.2%（誤差0.2%）
4661,オリエンタルランド,2026-03-24,1日後,1,1,評価可能,2684.0,-0.08,-0.11,-0.03,2681.0,True,◎ 精度良好: 予測-0.1% → 実際-0.1%（誤差0.0%）
IBM,IBM,2026-03-24,1日後,1,1,評価可能,240.59,0.14,0.33,0.19,241.39,True,◎ 精度良好: 予測+0.1% → 実際+0.3%（誤差0.2%）
SNPS,Synopsys,2026-03-24,1日後,1,1,評価可能,415.62,0.32,-1.32,-1.64,410.13,False,✕ 外れ: 上昇予測+0.3%に対し-1.3%下落。突発的な悪材料の可能性
9984,ソフトバンクグループ,2026-03-24,1日後,1,1,評価可能,3530.0,-0.03,7.9,7.93,3809.0,False,✕ 外れ: 下落予測-0.0%に対し+7.9%上昇。好材料やリバウンドの可能性
TMO,Thermo Fisher Scientific,2026-03-24,1日後,1,1,評価可能,490.29,0.06,0.1,0.04,490.77,True,◎ 精度良好: 予測+0.1% → 実際+0.1%（誤差0.0%）
ZS,Zscaler,2026-03-24,1日後,1,1,評価可能,139.41,-0.18,0.02,0.2,139.44,False,✕ 外れ: 下落予測-0.2%に対し+0.0%上昇。好材料やリバウンドの可能性
ADBE,Adobe,2026-03-24,1日後,1,1,評価可能,238.87,0.01,-0.68,-0.69,237.25,False,✕ 外れ: 上昇予測+0.0%に対し-0.7%下落。突発的な悪材料の可能性
7013,IHI,2026-03-24,1日後,1,1,評価可能,3419.0,0.02,2.66,2.64,3510.0,True,○ 方向的中: 予測+0.0% → 実際+2.7%（誤差2.6%）
AMZN,Amazon,2026-03-24,1日後,1,1,評価可能,207.24,0.01,2.16,2.15,211.71,True,○ 方向的中: 予測+0.0% → 実際+2.2%（誤差2.1%）
LLY,Eli Lilly,2026-03-24,1日後,1,1,評価可能,903.02,0.02,1.47,1.45,916.31,True,◎ 精度良好: 予測+0.0% → 実際+1.5%（誤差1.5%）
7203,トヨタ自動車,2026-03-24,1日後,1,1,評価可能,3271.0,-0.02,2.05,2.07,3338.0,False,✕ 外れ: 下落予測-0.0%に対し+2.0%上昇。好材料やリバウンドの可能性
SNOW,Snowflake,2026-03-24,1日後,1,1,評価可能,161.34,0.13,-0.45,-0.58,160.61,False,✕ 外れ: 上昇予測+0.1%に対し-0.5%下落。突発的な悪材料の可能性
SHOP,Shopify,2026-03-24,1日後,1,1,評価可能,116.15,0.0,1.95,1.95,118.42,False,✕ 外れ: 予測+0.0% → 実際+2.0%（誤差2.0%）
6526,ソシオネクスト,2026-03-24,1日後,1,1,評価可能,1795.0,-0.19,3.96,4.15,1866.0,False,✕ 外れ: 下落予測-0.2%に対し+4.0%上昇。好材料やリバウンドの可能性
NOW,ServiceNow,2026-03-24,1日後,1,1,評価可能,104.65,0.02,-1.52,-1.54,103.06,False,✕ 外れ: 上昇予測+0.0%に対し-1.5%下落。突発的な悪材料の可能性
7269,スズキ,2026-03-24,1日後,1,1,評価可能,1918.5,-0.0,1.28,1.28,1943.0,False,✕ 外れ: 予測-0.0% → 実際+1.3%（誤差1.3%）
6758,ソニーグループ,2026-03-24,1日後,1,1,評価可能,3232.0,-0.04,1.05,1.09,3266.0,False,✕ 外れ: 下落予測-0.0%に対し+1.1%上昇。好材料やリバウンドの可能性
4568,第一三共,2026-03-24,1日後,1,1,評価可能,3010.0,-0.01,-1.2,-1.19,2974.0,True,◎ 精度良好: 予測-0.0% → 実際-1.2%（誤差1.2%）
ISRG,Intuitive Surgical,2026-03-24,1日後,1,1,評価可能,471.91,0.04,-0.41,-0.45,469.98,False,✕ 外れ: 上昇予測+0.0%に対し-0.4%下落。突発的な悪材料の可能性
QCOM,Qualcomm,2026-03-24,1日後,1,1,評価可能,128.67,-0.01,1.31,1.32,130.35,False,✕ 外れ: 下落予測-0.0%に対し+1.3%上昇。好材料やリバウンドの可能性
9005,東急,2026-03-24,1日後,1,1,評価可能,1851.0,-0.1,1.13,1.23,1872.0,False,✕ 外れ: 下落予測-0.1%に対し+1.1%上昇。好材料やリバウンドの可能性
6098,リクルートHD,2026-03-24,1日後,1,1,評価可能,6539.0,-0.2,-1.88,-1.68,6416.0,True,◎ 精度良好: 予測-0.2% → 実際-1.9%（誤差1.7%）
PATH,UiPath,2026-03-24,1日後,1,1,評価可能,11.07,0.2,-1.26,-1.46,10.93,False,✕ 外れ: 上昇予測+0.2%に対し-1.3%下落。突発的な悪材料の可能性
4816,東映アニメーション,2026-03-24,1日後,1,1,評価可能,2557.0,-0.2,0.7,0.9,2575.0,False,✕ 外れ: 下落予測-0.2%に対し+0.7%上昇。好材料やリバウンドの可能性
ARM,Arm Holdings,2026-03-24,1日後,1,1,評価可能,134.96,0.04,16.38,16.34,157.07,True,△ 上振れ: 予測+0.0%を超えて+16.4%（想定以上の上昇）
MU,Micron Technology,2026-03-24,1日後,1,1,評価可能,395.53,0.29,-3.4,-3.69,382.09,False,✕ 外れ: 上昇予測+0.3%に対し-3.4%下落。突発的な悪材料の可能性
NFLX,Netflix,2026-03-24,1日後,1,1,評価可能,90.92,0.02,1.5,1.48,92.28,True,◎ 精度良好: 予測+0.0% → 実際+1.5%（誤差1.5%）
6501,日立製作所,2026-03-24,1日後,1,1,評価可能,4810.0,0.01,1.48,1.47,4881.0,True,◎ 精度良好: 予測+0.0% → 実際+1.5%（誤差1.5%）
GOOGL,Alphabet,2026-03-24,1日後,1,1,評価可能,290.44,-0.05,0.17,0.22,290.93,False,✕ 外れ: 下落予測-0.1%に対し+0.2%上昇。好材料やリバウンドの可能性
8766,東京海上HD,2026-03-24,1日後,1,1,評価可能,6857.0,-1.0,14.58,15.58,7857.0,False,✕ 外れ: 下落予測-1.0%に対し+14.6%上昇。好材料やリバウンドの可能性
RGTI,Rigetti Computing,2026-03-24,1日後,1,1,評価可能,15.6,0.03,-2.95,-2.98,15.14,False,✕ 外れ: 上昇予測+0.0%に対し-2.9%下落。突発的な悪材料の可能性
HPE,Hewlett Packard Enterprise,2026-03-24,1日後,1,1,評価可能,23.9,-0.04,7.87,7.91,25.78,False,✕ 外れ: 下落予測-0.0%に対し+7.9%上昇。好材料やリバウンドの可能性
DELL,Dell Technologies,2026-03-24,1日後,1,1,評価可能,176.91,-0.0,4.01,4.01,184.01,False,✕ 外れ: 予測-0.0% → 実際+4.0%（誤差4.0%）
8031,三井物産,2026-03-24,1日後,1,1,評価可能,6147.0,0.2,1.72,1.52,6253.0,True,◎ 精度良好: 予測+0.2% → 実際+1.7%（誤差1.5%）
TTWO,Take-Two Interactive,2026-03-24,1日後,1,1,評価可能,191.37,0.01,0.88,0.87,193.05,True,◎ 精度良好: 予測+0.0% → 実際+0.9%（誤差0.9%）
LCID,Lucid Group,2026-03-24,1日後,1,1,評価可能,10.36,-0.04,3.09,3.13,10.68,False,✕ 外れ: 下落予測-0.0%に対し+3.1%上昇。好材料やリバウンドの可能性
MRVL,Marvell Technology,2026-03-24,1日後,1,1,評価可能,92.36,-0.22,6.59,6.81,98.45,False,✕ 外れ: 下落予測-0.2%に対し+6.6%上昇。好材料やリバウンドの可能性
DXCM,DexCom,2026-03-24,1日後,1,1,評価可能,66.6,-0.06,0.36,0.42,66.84,False,✕ 外れ: 下落予測-0.1%に対し+0.4%上昇。好材料やリバウンドの可能性
XLF,Financial Select SPDR,2026-03-24,1日後,1,1,評価可能,49.28,0.01,0.12,0.11,49.34,True,◎ 精度良好: 予測+0.0% → 実際+0.1%（誤差0.1%）
AMD,AMD,2026-03-24,1日後,1,1,評価可能,205.37,-0.01,7.26,7.27,220.27,False,✕ 外れ: 下落予測-0.0%に対し+7.3%上昇。好材料やリバウンドの可能性
8830,住友不動産,2026-03-24,1日後,1,1,評価可能,4509.0,-0.06,2.62,2.68,4627.0,False,✕ 外れ: 下落予測-0.1%に対し+2.6%上昇。好材料やリバウンドの可能性
7012,川崎重工業,2026-03-24,1日後,1,1,評価可能,15120.0,0.01,-0.1,-0.11,15105.0,False,✕ 外れ: 上昇予測+0.0%に対し-0.1%下落。突発的な悪材料の可能性
7974,任天堂,2026-03-24,1日後,1,1,評価可能,8984.0,0.05,-0.04,-0.09,8980.0,False,✕ 外れ: 上昇予測+0.1%に対し-0.0%下落。突発的な悪材料の可能性
8001,伊藤忠商事,2026-03-24,1日後,1,1,評価可能,2029.5,-0.05,2.41,2.46,2078.5,False,✕ 外れ: 下落予測-0.1%に対し+2.4%上昇。好材料やリバウンドの可能性
NVO,Novo Nordisk,2026-03-24,1日後,1,1,評価可能,36.89,-0.06,-1.52,-1.46,36.33,True,◎ 精度良好: 予測-0.1% → 実際-1.5%（誤差1.5%）
NVDA,NVIDIA,2026-03-24,1日後,1,1,評価可能,175.2,0.03,1.99,1.96,178.68,True,◎ 精度良好: 予測+0.0% → 実際+2.0%（誤差2.0%）
COIN,Coinbase,2026-03-24,1日後,1,1,評価可能,181.04,0.4,0.03,-0.37,181.1,True,◎ 精度良好: 予測+0.4% → 実際+0.0%（誤差0.4%）
9432,NTT,2026-03-24,1日後,1,1,評価可能,156.4,0.03,0.7,0.67,157.5,True,◎ 精度良好: 予測+0.0% → 実際+0.7%（誤差0.7%）
9433,KDDI,2026-03-24,1日後,1,1,評価可能,2677.5,-0.05,1.05,1.1,2705.5,False,✕ 外れ: 下落予測-0.1%に対し+1.0%上昇。好材料やリバウンドの可能性
6594,日本電産,2026-03-24,1日後,1,1,評価可能,2171.0,-0.02,0.88,0.9,2190.0,False,✕ 外れ: 下落予測-0.0%に対し+0.9%上昇。好材料やリバウンドの可能性
6861,キーエンス,2026-03-24,1日後,1,1,評価可能,56540.0,0.01,2.6,2.59,58010.0,True,○ 方向的中: 予測+0.0% → 実際+2.6%（誤差2.6%）
3993,PKSHA Technology,2026-03-24,1日後,1,1,評価可能,2817.0,-0.22,1.46,1.68,2858.0,False,✕ 外れ: 下落予測-0.2%に対し+1.5%上昇。好材料やリバウンドの可能性
8306,三菱UFJ FG,2026-03-24,1日後,1,1,評価可能,2639.0,0.01,3.01,3.0,2718.5,True,○ 方向的中: 予測+0.0% → 実際+3.0%（誤差3.0%）
6723,ルネサスエレクトロニクス,2026-03-24,1日後,1,1,評価可能,2381.0,-0.01,1.81,1.82,2424.0,False,✕ 外れ: 下落予測-0.0%に対し+1.8%上昇。好材料やリバウンドの可能性
8316,三井住友FG,2026-03-24,1日後,1,1,評価可能,5148.0,0.01,3.17,3.16,5311.0,True,○ 方向的中: 予測+0.0% → 実際+3.2%（誤差3.2%）
4478,フリー,2026-03-24,1日後,1,1,評価可能,2089.0,-0.0,2.92,2.92,2150.0,False,✕ 外れ: 予測-0.0% → 実際+2.9%（誤差2.9%）
CRWD,CrowdStrike,2026-03-24,1日後,1,1,評価可能,392.99,-0.1,-1.81,-1.71,385.86,True,◎ 精度良好: 予測-0.1% → 実際-1.8%（誤差1.7%）
2801,キッコーマン,2026-03-24,1日後,1,1,評価可能,1342.5,-0.43,-0.56,-0.13,1335.0,True,◎ 精度良好: 予測-0.4% → 実際-0.6%（誤差0.1%）
6367,ダイキン工業,2026-03-24,1日後,1,1,評価可能,19350.0,-0.12,2.14,2.26,19765.0,False,✕ 外れ: 下落予測-0.1%に対し+2.1%上昇。好材料やリバウンドの可能性
PANW,Palo Alto Networks,2026-03-24,1日後,1,1,評価可能,157.21,0.0,-2.54,-2.54,153.22,False,✕ 外れ: 予測+0.0% → 実際-2.5%（誤差2.5%）
9983,ファーストリテイリング,2026-03-24,1日後,1,1,評価可能,61860.0,0.01,0.87,0.86,62400.0,True,◎ 精度良好: 予測+0.0% → 実際+0.9%（誤差0.9%）
CDNS,Cadence Design,2026-03-24,1日後,1,1,評価可能,284.32,0.21,-1.03,-1.24,281.39,False,✕ 外れ: 上昇予測+0.2%に対し-1.0%下落。突発的な悪材料の可能性
RIVN,Rivian Automotive,2026-03-24,1日後,1,1,評価可能,16.1,-0.07,-2.98,-2.91,15.62,True,○ 方向的中: 予測-0.1% → 実際-3.0%（誤差2.9%）
6146,ディスコ,2026-03-24,1日後,1,1,評価可能,65390.0,0.01,3.96,3.95,67980.0,True,○ 方向的中: 予測+0.0% → 実際+4.0%（誤差4.0%）
6857,アドバンテスト,2026-03-24,1日後,1,1,評価可能,22345.0,0.21,4.83,4.62,23425.0,True,○ 方向的中: 予測+0.2% → 実際+4.8%（誤差4.6%）
2914,JT（日本たばこ）,2026-03-24,1日後,1,1,評価可能,5820.0,-0.12,2.23,2.35,5950.0,False,✕ 外れ: 下落予測-0.1%に対し+2.2%上昇。好材料やリバウンドの可能性
LRCX,Lam Research,2026-03-24,1日後,1,1,評価可能,238.84,0.03,-2.26,-2.29,233.45,False,✕ 外れ: 上昇予測+0.0%に対し-2.3%下落。突発的な悪材料の可能性
XLE,Energy Select SPDR,2026-03-24,1日後,1,1,評価可能,60.84,0.14,-0.44,-0.58,60.57,False,✕ 外れ: 上昇予測+0.1%に対し-0.4%下落。突発的な悪材料の可能性
XLV,Health Care Select SPDR,2026-03-24,1日後,1,1,評価可能,144.79,-0.0,1.0,1.0,146.24,False,✕ 外れ: 予測-0.0% → 実際+1.0%（誤差1.0%）
7011,三菱重工業,2026-03-24,1日後,1,1,評価可能,4430.0,0.04,2.64,2.6,4547.0,True,○ 方向的中: 予測+0.0% → 実際+2.6%（誤差2.6%）
VOO,Vanguard S&P 500,2026-03-24,1日後,1,1,評価可能,602.38,0.02,0.54,0.52,605.66,True,◎ 精度良好: 予測+0.0% → 実際+0.5%（誤差0.5%）
ESTC,Elastic,2026-03-24,1日後,1,1,評価可能,49.67,0.09,0.54,0.45,49.94,True,◎ 精度良好: 予測+0.1% → 実際+0.5%（誤差0.5%）
AMAT,Applied Materials,2026-03-24,1日後,1,1,評価可能,373.99,-0.14,-1.24,-1.1,369.34,True,◎ 精度良好: 予測-0.1% → 実際-1.2%（誤差1.1%）
4443,Sansan,2026-03-24,1日後,1,1,評価可能,1147.0,0.0,-0.96,-0.96,1136.0,True,◎ 精度良好: 予測+0.0% → 実際-1.0%（誤差1.0%）
8411,みずほFG,2026-03-24,1日後,1,1,評価可能,6159.0,0.01,4.25,4.24,6421.0,True,○ 方向的中: 予測+0.0% → 実際+4.3%（誤差4.2%）
XYZ,Block (Square),2026-03-24,1日後,1,1,評価可能,59.89,0.0,0.2,0.2,60.01,True,◎ 精度良好: 予測+0.0% → 実際+0.2%（誤差0.2%）
MDB,MongoDB,2026-03-24,1日後,1,1,評価可能,253.76,-0.0,-2.85,-2.85,246.54,False,✕ 外れ: 予測-0.0% → 実際-2.8%（誤差2.8%）
8058,三菱商事,2026-03-24,1日後,1,1,評価可能,5426.0,0.17,2.4,2.23,5556.0,True,○ 方向的中: 予測+0.2% → 実際+2.4%（誤差2.2%）
ABBV,AbbVie,2026-03-24,1日後,1,1,評価可能,205.2,-0.0,0.96,0.96,207.18,True,◎ 精度良好: 予測-0.0% → 実際+1.0%（誤差1.0%）
ABNB,Airbnb,2026-03-24,1日後,1,1,評価可能,130.0,0.13,1.39,1.26,131.81,True,◎ 精度良好: 予測+0.1% → 実際+1.4%（誤差1.3%）
ENPH,Enphase Energy,2026-03-24,1日後,1,1,評価可能,40.97,-0.02,3.81,3.83,42.53,False,✕ 外れ: 下落予測-0.0%に対し+3.8%上昇。好材料やリバウンドの可能性
AAPL,Apple,2026-03-24,1日後,1,1,評価可能,251.64,0.0,0.39,0.39,252.62,True,◎ 精度良好: 予測+0.0% → 実際+0.4%（誤差0.4%）
EA,Electronic Arts,2026-03-24,1日後,1,1,評価可能,201.62,0.01,0.36,0.35,202.34,True,◎ 精度良好: 予測+0.0% → 実際+0.4%（誤差0.3%）
4063,信越化学工業,2026-03-24,1日後,1,1,評価可能,6060.0,0.06,3.86,3.8,6294.0,True,○ 方向的中: 予測+0.1% → 実際+3.9%（誤差3.8%）
4385,メルカリ,2026-03-24,1日後,1,1,評価可能,3538.0,-0.27,1.33,1.6,3585.0,False,✕ 外れ: 下落予測-0.3%に対し+1.3%上昇。好材料やリバウンドの可能性
TSM,TSMC,2026-03-24,1日後,1,1,評価可能,343.25,-0.15,1.31,1.46,347.75,False,✕ 外れ: 下落予測-0.1%に対し+1.3%上昇。好材料やリバウンドの可能性
AI,C3.ai,2026-03-24,1日後,1,1,評価可能,8.29,-0.03,-0.12,-0.09,8.28,True,◎ 精度良好: 予測-0.0% → 実際-0.1%（誤差0.1%）
6920,レーザーテック,2026-03-24,1日後,1,1,評価可能,31870.0,-0.01,4.83,4.84,33410.0,False,✕ 外れ: 下落予測-0.0%に対し+4.8%上昇。好材料やリバウンドの可能性
KLAC,KLA Corporation,2026-03-24,1日後,1,1,評価可能,1566.19,-0.24,-1.43,-1.19,1543.82,True,◎ 精度良好: 予測-0.2% → 実際-1.4%（誤差1.2%）
RKLB,Rocket Lab,2026-03-24,1日後,1,1,評価可能,66.07,0.08,10.31,10.23,72.88,True,△ 上振れ: 予測+0.1%を超えて+10.3%（想定以上の上昇）
ARKK,ARK Innovation,2026-03-24,1日後,1,1,評価可能,69.0,0.17,1.3,1.13,69.9,True,◎ 精度良好: 予測+0.2% → 実際+1.3%（誤差1.1%）
QQQ,Invesco NASDAQ 100,2026-03-24,1日後,1,1,評価可能,583.98,0.05,0.66,0.61,587.82,True,◎ 精度良好: 予測+0.1% → 実際+0.7%（誤差0.6%）
8035,東京エレクトロン,2026-03-24,1日後,1,1,評価可能,39130.0,-0.09,3.14,3.23,40360.0,False,✕ 外れ: 下落予測-0.1%に対し+3.1%上昇。好材料やリバウンドの可能性
6963,ローム,2026-03-24,1日後,1,1,評価可能,3170.0,0.05,5.27,5.22,3337.0,True,△ 上振れ: 予測+0.1%を超えて+5.3%（想定以上の上昇）
SOXX,iShares Semiconductor,2026-03-24,1日後,1,1,評価可能,341.02,-0.17,,,,False,✕ 外れ: 予測-0.2% → 実際+nan%（誤差nan%）
NET,Cloudflare,2026-03-24,1日後,1,1,評価可能,213.15,0.0,2.28,2.28,218.0,False,✕ 外れ: 予測+0.0% → 実際+2.3%（誤差2.3%）
INTC,Intel,2026-03-24,1日後,1,1,評価可能,44.06,-0.0,7.08,7.08,47.18,False,✕ 外れ: 予測-0.0% → 実際+7.1%（誤差7.1%）
DDOG,Datadog,2026-03-24,1日後,1,1,評価可能,122.57,-0.0,0.59,0.59,123.29,True,◎ 精度良好: 予測-0.0% → 実際+0.6%（誤差0.6%）
AVGO,Broadcom,2026-03-24,1日後,1,1,評価可能,318.29,0.02,0.16,0.14,318.81,True,◎ 精度良好: 予測+0.0% → 実際+0.2%（誤差0.1%）
MRNA,Moderna,2026-03-24,1日後,1,1,評価可能,51.34,0.1,4.29,4.19,53.54,True,○ 方向的中: 予測+0.1% → 実際+4.3%（誤差4.2%）
TSLA,Tesla,2026-03-24,1日後,1,1,評価可能,383.03,-0.01,0.76,0.77,385.95,False,✕ 外れ: 下落予測-0.0%に対し+0.8%上昇。好材料やリバウンドの可能性
PLTR,Palantir,2026-03-24,1日後,1,1,評価可能,154.78,0.09,0.12,0.03,154.96,True,◎ 精度良好: 予測+0.1% → 実際+0.1%（誤差0.0%）
